Method,Coverage,RMSE,Mean Width
Hat Matrix,0.92,0.011567942498258847,0.040764459831508615
Bayesian,1.0,0.01156630702024842,3.1594868648207286
